Input 1,Input 2,Target,Predicted
0,0,0,0.011325900365742847
0,1,0,0.1635096707013887
1,0,0,0.13257635547786276
1,1,1,0.6928449199297131
