Input 1,Input 2,Target,Predicted
0,0,0,0.1446078394748051
0,1,1,0.9238257714927081
1,0,1,0.9433014788769883
1,1,1,0.9887459063040331
