Input 1,Input 2,Target,Predicted
0,0,0,0.22289206579841525
0,1,1,0.7662486726041731
1,0,1,0.604582219272139
1,1,0,0.397684699807755
